INSERT INTO Cliente VALUES (37712463000, "Diego Alves Carreira", "R. Voluntarios da Patria, 234");
INSERT INTO Cliente VALUES (02803487039, "Marcio Rafael Ferreira de Souza", "R. Barata Ribeiro, 32");
INSERT INTO Cliente VALUES (46312555011, "Filipe Luís Kasmirski", "Av. Delfim Moreira, 414");
INSERT INTO Cliente VALUES (42199368076, "Pablo Marí Villar", "R. Barão da torre, 30");
INSERT INTO Cliente VALUES (90381183092, "Rodrigo Caio Coquette Russo", "R. Emilio Wolf, 304");
INSERT INTO Cliente VALUES (27951171000, "Willian Souza Arão da Silva", "R. João Bruno Lobo, 104");
INSERT INTO Cliente VALUES (31446711005, "Éverton Augusto de Barros Ribeiro", "Av. Glaucio Gil, 348");
INSERT INTO Cliente VALUES (64151576045, "Gerson Santos da Silva", "R. Arthur Menezes, 441");
INSERT INTO Cliente VALUES (45510720018, "Gabriel Barbosa Almeida", "R. Argentina, 322");
INSERT INTO Cliente VALUES (88634407004, "Giorgian Daniel De Arrascaeta Benedetti", "R. Conde de Agrolongo, 385");
INSERT INTO Cliente VALUES (47254692032, "Bruno Henrique Pinto", "R. João Elisio Coutinho, 289");
INSERT INTO Cliente VALUES (01096850087, "Jorge Fernando Pinheiro de Jesus", "R. Americo Rocha, 378");
INSERT INTO Funcionario VALUES (25123565078, "Vinicius Sathler", "Rua Ubiratan, 320");
INSERT INTO Funcionario VALUES (12223281001, "Dennis Ribeiro", "R. barra da tijuca, 171");
INSERT INTO Funcionario VALUES (95827484008, "Paulo Victor Coelho", "R. Sargento alguma coisa, 666");
INSERT INTO Funcionario VALUES (47254692032, "Bruno Henrique Pinto", "R. João Elisio Coutinho, 289");
INSERT INTO Funcionario VALUES (01096850087, "Jorge Fernando Pinheiro de Jesus", "R. Americo Rocha, 378");
INSERT INTO Brinquedos VALUES (1, 100, "Mario Kart");
INSERT INTO Brinquedos VALUES (2, 100, "Samus Shooter");
INSERT INTO Brinquedos VALUES (3, 150, "Fox McCloud Space Simulator");
INSERT INTO Brinquedos VALUES (4, 50, "A Link to the Past, the Museum");
INSERT INTO Brinquedos VALUES (5, 200, "Luigi Haunted Mansion");
INSERT INTO Telefones_cliente VALUES (15082455, 37712463000);
INSERT INTO Telefones_cliente VALUES (40921400, 02803487039);
INSERT INTO Telefones_cliente VALUES (68331584, 02803487039);
INSERT INTO Telefones_cliente VALUES (72733471, 46312555011);
INSERT INTO Telefones_cliente VALUES (70983625, 42199368076);
INSERT INTO Telefones_cliente VALUES (35157627, 42199368076);
INSERT INTO Telefones_cliente VALUES (72845444, 90381183092);
INSERT INTO Telefones_cliente VALUES (59308023, 27951171000);
INSERT INTO Telefones_cliente VALUES (15011225, 31446711005);
INSERT INTO Telefones_cliente VALUES (30106793, 64151576045);
INSERT INTO Telefones_cliente VALUES (51282357, 45510720018);
INSERT INTO Telefones_cliente VALUES (26581926, 45510720018);
INSERT INTO Telefones_cliente VALUES (72419998, 45510720018);
INSERT INTO Telefones_cliente VALUES (34109117, 88634407004);
INSERT INTO Telefones_cliente VALUES (85371747, 47254692032);
INSERT INTO Telefones_cliente VALUES (89304113, 01096850087);
INSERT INTO Telefones_funcionario VALUES (21423298, 25123565078);
INSERT INTO Telefones_funcionario VALUES (82967770, 25123565078);
INSERT INTO Telefones_funcionario VALUES (42802078, 12223281001);
INSERT INTO Telefones_funcionario VALUES (82967770, 12223281001);
INSERT INTO Telefones_funcionario VALUES (56129615, 95827484008);
INSERT INTO Telefones_funcionario VALUES (85371747, 47254692032);
INSERT INTO Telefones_funcionario VALUES (89304113, 01096850087);
INSERT INTO Cartao_cobranca VALUES ("2019-06-30", 37712463000);
INSERT INTO Cartao_cobranca VALUES ("2019-06-29", 02803487039);
INSERT INTO Cartao_cobranca VALUES ("2019-06-28", 42199368076);
INSERT INTO Cartao_cobranca VALUES ("2019-06-29", 90381183092);
INSERT INTO Cartao_cobranca VALUES ("2019-06-29", 27951171000);
INSERT INTO Cartao_cobranca VALUES ("2019-06-30", 31446711005);
INSERT INTO Cartao_cobranca VALUES ("2019-06-30", 64151576045);
INSERT INTO Cartao_cobranca VALUES ("2019-06-29", 45510720018);
INSERT INTO Cartao_cobranca VALUES ("2019-06-30", 88634407004);
INSERT INTO Cartao_cobranca VALUES ("2019-06-29", 47254692032);
INSERT INTO Cartao_cobranca VALUES ("2019-06-30", 01096850087);
INSERT INTO Cartao_cobranca VALUES ("2019-07-01", 64151576045);
INSERT INTO Cartao_cobranca VALUES ("2019-07-02", 42199368076);
INSERT INTO Cartao_cobranca VALUES ("2019-07-01", 27951171000);
INSERT INTO Cartao_cobranca VALUES ("2019-07-01", 31446711005);
INSERT INTO Cartao_cobranca VALUES ("2019-07-02", 31446711005);
INSERT INTO Funcionario_Brinquedos VALUES (25123565078, 1);
INSERT INTO Funcionario_Brinquedos VALUES (25123565078, 5);
INSERT INTO Funcionario_Brinquedos VALUES (12223281001, 2);
INSERT INTO Funcionario_Brinquedos VALUES (12223281001, 5);
INSERT INTO Funcionario_Brinquedos VALUES (95827484008, 3);
INSERT INTO Funcionario_Brinquedos VALUES (95827484008, 5);
INSERT INTO Funcionario_Brinquedos VALUES (47254692032, 4);
INSERT INTO Funcionario_Brinquedos VALUES (47254692032, 5);
INSERT INTO Funcionario_Brinquedos VALUES (01096850087, 4);
INSERT INTO Funcionario_Brinquedos VALUES (01096850087, 5);
INSERT INTO Cartao_cobranca_brinquedos VALUES ("2019-06-30", 37712463000, 1, "17:00");
INSERT INTO Cartao_cobranca_brinquedos VALUES ("2019-06-29", 02803487039, 1, "17:00");
INSERT INTO Cartao_cobranca_brinquedos VALUES ("2019-06-29", 02803487039, 2, "17:30");
INSERT INTO Cartao_cobranca_brinquedos VALUES ("2019-06-29", 02803487039, 3, "18:00");
INSERT INTO Cartao_cobranca_brinquedos VALUES ("2019-06-28", 42199368076, 4, "17:00");
INSERT INTO Cartao_cobranca_brinquedos VALUES ("2019-06-28", 42199368076, 5, "18:00");
INSERT INTO Cartao_cobranca_brinquedos VALUES ("2019-06-29", 90381183092, 1, "16:30");
INSERT INTO Cartao_cobranca_brinquedos VALUES ("2019-06-29", 90381183092, 2, "17:00");
INSERT INTO Cartao_cobranca_brinquedos VALUES ("2019-06-29", 90381183092, 3, "17:30");
INSERT INTO Cartao_cobranca_brinquedos VALUES ("2019-06-29", 90381183092, 4, "18:00");
INSERT INTO Cartao_cobranca_brinquedos VALUES ("2019-06-29", 90381183092, 5, "18:30");
INSERT INTO Cartao_cobranca_brinquedos VALUES ("2019-06-29", 27951171000, 5, "17:00");
INSERT INTO Cartao_cobranca_brinquedos VALUES ("2019-06-29", 27951171000, 3, "19:00");
INSERT INTO Cartao_cobranca_brinquedos VALUES ("2019-06-30", 31446711005, 1, "17:00");
INSERT INTO Cartao_cobranca_brinquedos VALUES ("2019-06-30", 31446711005, 3, "18:00");
INSERT INTO Cartao_cobranca_brinquedos VALUES ("2019-06-30", 31446711005, 5, "19:00");
INSERT INTO Cartao_cobranca_brinquedos VALUES ("2019-06-30", 64151576045, 2, "17:00");
INSERT INTO Cartao_cobranca_brinquedos VALUES ("2019-06-29", 45510720018, 2, "17:00");
INSERT INTO Cartao_cobranca_brinquedos VALUES ("2019-06-29", 45510720018, 4, "18:00");
INSERT INTO Cartao_cobranca_brinquedos VALUES ("2019-06-29", 45510720018, 3, "19:00");
INSERT INTO Cartao_cobranca_brinquedos VALUES ("2019-06-30", 88634407004, 2, "17:00");
INSERT INTO Cartao_cobranca_brinquedos VALUES ("2019-06-29", 47254692032, 1, "18:00");
INSERT INTO Cartao_cobranca_brinquedos VALUES ("2019-06-29", 47254692032, 4, "19:00");
INSERT INTO Cartao_cobranca_brinquedos VALUES ("2019-06-30", 01096850087, 5, "17:00");
INSERT INTO Cartao_cobranca_brinquedos VALUES ("2019-07-01", 64151576045, 1, "17:00");
INSERT INTO Cartao_cobranca_brinquedos VALUES ("2019-07-01", 64151576045, 4, "17:30");
INSERT INTO Cartao_cobranca_brinquedos VALUES ("2019-07-01", 64151576045, 3, "18:00");
INSERT INTO Cartao_cobranca_brinquedos VALUES ("2019-07-01", 64151576045, 2, "19:00");
INSERT INTO Cartao_cobranca_brinquedos VALUES ("2019-07-02", 42199368076, 5, "17:00");
INSERT INTO Cartao_cobranca_brinquedos VALUES ("2019-07-01", 27951171000, 5, "17:00");
INSERT INTO Cartao_cobranca_brinquedos VALUES ("2019-07-01", 27951171000, 4, "17:30");
INSERT INTO Cartao_cobranca_brinquedos VALUES ("2019-07-01", 27951171000, 3, "18:00");
INSERT INTO Cartao_cobranca_brinquedos VALUES ("2019-07-01", 27951171000, 1, "18:30");
INSERT INTO Cartao_cobranca_brinquedos VALUES ("2019-07-01", 27951171000, 2, "19:00");
INSERT INTO Cartao_cobranca_brinquedos VALUES ("2019-07-01", 31446711005, 1, "17:00");
INSERT INTO Cartao_cobranca_brinquedos VALUES ("2019-07-01", 31446711005, 2, "17:30");
INSERT INTO Cartao_cobranca_brinquedos VALUES ("2019-07-02", 31446711005, 3, "17:00");
INSERT INTO Cartao_cobranca_brinquedos VALUES ("2019-07-02", 31446711005, 2, "17:30");